Código;Artículo;P. Venta L2;P. VENTA + IVA
16;ALABASTINE FONDO 123 900 ML - ALBA;22851,97;27650,88
17;ALABASTINE LIJA LÍQUIDA - 500 ML - ALBA;14314,09;17320,05
29;ALABASTINE REPARA PAREDES - 1 KG - ALBA;13565,81;16414,63
30;ALABASTINE REPARA PAREDES - 330 GR - ALBA;6715,11;8125,28
41;ALBA ANTIOXIDO STANDARD - 01 L - ALBA;16270,41;19687,2
47;ALBA CIELOS RASOS STANDAR BLANCO - 01 L - ALBA;8068,94;9763,42
48;ALBA CIELOS RASOS STANDAR BLANCO - 04 L - ALBA;26223,29;31730,18
49;ALBA CIELOS RASOS STANDAR BLANCO - 10 L - ALBA;56480,54;68341,45
53;ALBA CONVERT DE OXIDO GRIS - 01 L - ALBA;20338,01;24608,99
57;ALBA ENDUIDO EXT PREMIUM - 01 L - ALBA;8251,42;9984,22
61;ALBA ENDUIDO + MASILLA - 01 L - ALBA;4973,89;6018,41
69;ALBA ESM BRI DOBLE ACC AMARILLO - 01 L - ALBA;16355,02;19789,57
75;ALBA ESM BRI DOBLE ACC BERMELLON - 01 L - ALBA;16355,02;19789,57
80;ALBA ESM BRI DOBLE ACC CHOCOLATE - 01 L - ALBA;11121,17;13456,62
88;ALBA ESM BRI DOBLE ACC NEGRO - 01 L - ALBA;11121,17;13456,62
97;ALBA FIJADOR 2 EN 1 ANTISALITRE - 01 L - ALBA;18061,58;21854,51
100;ALBA FIJADOR AL AGUARRAS PREMIUM - 01 L - ALBA;16126,67;19513,27
103;ALBA FIJADOR AL AGUARRAS STANDARD - 01 L - ALBA;10483;12684,43
105;ALBA FIJADOR SELLADOR PREMIUM - 01 L - ALBA;7468,48;9036,86
109;ALBA FONDO BLANCO PREMIUM -  500 ML - ALBA;9721,47;11762,98
110;ALBA FONDO BLANCO PREMIUM - 01 L - ALBA;16583,38;20065,89
114;ALBA FONDO UNIVERSAL AL AGUA - 01 L - ALBA;19762,02;23912,04
129;ALBACRYL MATE BLANCO - 04 L - ALBA;30382,64;36762,99
130;ALBACRYL MATE BLANCO - 10 L - ALBA;65439,46;79181,75
131;ALBACRYL MATE BLANCO - 20 L - ALBA;116855,38;141395,01
140;ALBAFRENT FRENTES Y MUROS BLANCO - 04 L - ALBA;38838,98;46995,17
142;ALBAFRENT FRENTES Y MUROS BLANCO - 20 L - ALBA;149378,87;180748,43
154;ALBALATEX DESIGN AMARILLO LATINO - 01 L - ALBA;17795,51;21532,57
158;ALBALATEX DESIGN GRIS CINCEL - 01 L - ALBA;17795,51;21532,57
159;ALBALATEX DESIGN GRIS CINCEL - 04 L - ALBA;57834,37;69979,59
160;ALBALATEX DESIGN LEYENDA - 01 L - ALBA;17795,51;21532,57
171;ALBALATEX DESIGN MATE BLANCO - 01 L - ALBA;17795,51;21532,57
172;ALBALATEX DESIGN MATE BLANCO - 04 L - ALBA;57834,37;69979,59
173;ALBALATEX DESIGN MATE BLANCO - 10 L - ALBA;124566,5;150725,47
175;ALBALATEX DESIGN NARANJA DULCE - 01 L - ALBA;17795,51;21532,57
177;ALBALATEX DESIGN ROJO INTENSO - 01 L - ALBA;17795,51;21532,57
179;ALBALATEX DESIGN VERDE EXOTICO - 01 L - ALBA;17795,51;21532,57
194;ALBALATEX MATE BLANCO - 01 L - ALBA;14992,02;18140,34
195;ALBALATEX MATE BLANCO - 04 L - ALBA;48723,56;58955,51
196;ALBALATEX MATE BLANCO - 10 L - ALBA;104943,12;126981,18
197;ALBALATEX MATE BLANCO - 20 L - ALBA;187399,23;226753,07
207;ALBALATEX SATINADO BLANCO - 01 L - ALBA;23697,1;28673,49
233;ALBALATEX ULTRA LAVABLE BLANCO - 01 L - ALBA;19671,29;23802,26
234;ALBALATEX ULTRA LAVABLE BLANCO - 04 L - ALBA;63932,72;77358,59
236;ALBALATEX ULTRA LAVABLE BLANCO - 20 L - ALBA;245896,24;297534,45
237;ALBALUX  2 EN 1 AMARILLO - 01 L - ALBA;16640,27;20134,73
245;ALBALUX  2 EN 1 FORJA GRIS - 01 L - ALBA;31175,78;37722,69
247;ALBALUX  2 EN 1 FORJA NEGRO - 01 L - ALBA;31175,78;37722,69
248;ALBALUX  2 EN 1 FORJA NEGRO - 04 L - ALBA;107501,94;130077,35
253;ALBALUX  2 EN 1 MARTILL GR PLATA - 01 L - ALBA;31175,78;37722,69
255;ALBALUX  2 EN 1 MARTILL GRIS - 01 L - ALBA;31175,78;37722,69
257;ALBALUX  2 EN 1 MARTILL NEGRO - 01 L - ALBA;31175,78;37722,69
264;ALBALUX  2 EN 1 VERDE NOCHE - 01 L - ALBA;16640,27;20134,73
270;ALBALUX BALANCE AZUL MARINO - 01 L - ALBA;23599,23;28555,07
280;ALBALUX BALANCE BLANCO - 01 L - ALBA;23599,23;28555,07
281;ALBALUX BALANCE BLANCO - 04 L - ALBA;81376,51;98465,58
292;ALBALUX BALANCE NEGRO - 01 L - ALBA;20059,7;24272,24
296;ALBALUX BALANCE TRAFUL - 04 L - ALBA;81376,51;98465,58
305;ALBALUX DIAM 3EN1 ALUMINIO - 04 L - ALBA;92672,01;112133,13
307;ALBALUX DIAM 3EN1 AMARILLO - 01 L - ALBA;26874,72;32518,41
309;ALBALUX DIAM 3EN1 AMARILLO MEDIANO- 01 L - ALBA;26874,72;32518,41
312;ALBALUX DIAM 3EN1 AZUL MARINO - 01 L - ALBA;21500,18;26015,22
314;ALBALUX DIAM 3EN1 AZULEJO - 01 L - ALBA;21500,18;26015,22
324;ALBALUX DIAM 3EN1 BEIGE - 01 L - ALBA;18274,65;22112,33
327;ALBALUX DIAM 3EN1 BERMELLON - 01 L - ALBA;26874,72;32518,41
331;ALBALUX DIAM 3EN1 BLANCO - 01 L - ALBA;21500,18;26015,22
334;ALBALUX DIAM 3EN1 CARMIN - 01 L - ALBA;21500,18;26015,22
337;ALBALUX DIAM 3EN1 CEDRO - 01 L - ALBA;18274,65;22112,33
339;ALBALUX DIAM 3EN1 ESMERALDA - 01 L - ALBA;18274,65;22112,33
342;ALBALUX DIAM 3EN1 GRIS - 01 L - ALBA;18274,65;22112,33
343;ALBALUX DIAM 3EN1 GRIS - 04 L - ALBA;63017,25;76250,87
344;ALBALUX DIAM 3EN1 GRIS ESPACIAL - 01 L - ALBA;21500,18;26015,22
348;ALBALUX DIAM 3EN1 MARFIL CHAMPAGNE- 01 L - ALBA;21500,18;26015,22
350;ALBALUX DIAM 3EN1 MARFIL SEDA - 01 L - ALBA;21500,18;26015,22
358;ALBALUX DIAM 3EN1 NEGRO -  500 ML - ALBA;10713,39;12963,2
359;ALBALUX DIAM 3EN1 NEGRO - 01 L - ALBA;18274,65;22112,33
360;ALBALUX DIAM 3EN1 NEGRO - 04 L - ALBA;63017,25;76250,87
362;ALBALUX DIAM 3EN1 OCRE - 01 L - ALBA;21500,18;26015,22
364;ALBALUX DIAM 3EN1 PERLA - 01 L - ALBA;18274,65;22112,33
367;ALBALUX DIAM 3EN1 TABACO - 01 L - ALBA;18274,65;22112,33
371;ALBALUX DIAM 3EN1 TRAFUL - 04 L - ALBA;74137,4;89706,25
375;ALBALUX DIAM 3EN1 VERDE INGLES - 01 L - ALBA;21500,18;26015,22
377;ALBALUX DIAM 3EN1 VERDE NOCHE - 01 L - ALBA;21500,18;26015,22
379;ALBAMATE BLANCO - 01 L - ALBA;23280,14;28168,97
385;ALBATROS BARNIZ MARINO - 01 L - ALBA;17880,12;21634,95
409;BAÑOS & COCINAS MATE BLANCO - 01 L - ALBA;16949,36;20508,73
417;CENTRO MATE SUPERIOR ANTIHONGO BLANCO - 01 L - ALBA;10187,36;12326,71
418;CENTRO MATE SUPERIOR ANTIHONGO BLANCO - 04 L - ALBA;33108,65;40061,47
420;CENTRO MATE SUPERIOR ANTIHONGO BLANCO - 20 L - ALBA;127342,46;154084,38
421;CENTRO ENDUIDO + MASILLA X 01 L - ALBA;4846,46;5864,22
422;CENTRO ENDUIDO + MASILLA X 04 L - ALBA;14000,1;16940,12
425;CENTRO FIJADOR AL AGUA - 01 L - ALBA;4496,79;5441,12
426;CENTRO FIJADOR AL AGUA - 04 L - ALBA;14054,13;17005,5
447;CENTRO PROF LAT EXT/INT - 01 L - ALBA;6669,24;8069,78
448;CENTRO PROF LAT EXT/INT - 04 L - ALBA;21674,51;26226,16
449;CENTRO PROF LAT EXT/INT - 10 L - ALBA;46683,64;56487,2
450;CENTRO PROF LAT EXT/INT - 20 L - ALBA;83363,42;100869,74
473;CONSTRUCTOR INT/EXT MATE BLANCO - 01 L - ALBA;8689,79;10514,65
474;CONSTRUCTOR INT/EXT MATE BLANCO - 04 L - ALBA;28242,82;34173,81
475;CONSTRUCTOR INT/EXT MATE BLANCO - 10 L - ALBA;60831,55;73606,18
476;CONSTRUCTOR INT/EXT MATE BLANCO - 20 L - ALBA;108627,41;131439,17
477;CRISTALBA AL AGUA - 01 L - ALBA;29990,16;36288,09
479;CRISTALBA BRILLANTE - 01 L - ALBA;14900,27;18029,33
480;CRISTALBA BRILLANTE - 04 L - ALBA;51380,24;62170,09
481;CRISTALBA MATE - 01 L - ALBA;19668,23;23798,56
483;CRISTALBA SATINADO - 01 L - ALBA;19370,55;23438,37
484;CRISTALBA SATINADO - 04 L - ALBA;66793,29;80819,88
496;DURALBA ACRILICO BLANCO - 01 L - ALBA;14081,65;17038,8
497;DURALBA ACRILICO BLANCO - 04 L - ALBA;45766,13;55377,02
500;DURALBA ACRILICO GRIS CEMENTO - 01 L - ALBA;14504,72;17550,71
506;DURALBA ACRILICO NEGRO - 01 L - ALBA;14504,72;17550,71
508;DURALBA ACRILICO OCRE - 01 L - ALBA;14504,72;17550,71
509;DURALBA ACRILICO OCRE - 04 L - ALBA;47139,33;57038,59
511;DURALBA ACRILICO ROJO TANINO - 01 L - ALBA;14504,72;17550,71
514;DURALBA ACRILICO TEJA - 01 L - ALBA;14504,72;17550,71
515;DURALBA ACRILICO TEJA - 04 L - ALBA;47139,33;57038,59
520;DURALBA ACRILICO VERDE TENIS - 01 L - ALBA;14504,72;17550,71
521;DURALBA ACRILICO VERDE TENIS - 04 L - ALBA;47139,33;57038,59
523;DURALBA FRENTES Y MUROS  TEJA - 01 L - ALBA;15524,17;18784,25
540;DURALBA FRENTES Y MUROS BLANCO - 01 L - ALBA;15072,56;18237,8
541;DURALBA FRENTES Y MUROS BLANCO - 04 L - ALBA;48985,55;59272,52
542;DURALBA FRENTES Y MUROS BLANCO - 10 L - ALBA;105506,88;127663,32
543;DURALBA FRENTES Y MUROS BLANCO - 20 L - ALBA;188405,43;227970,57
550;DURALBA LADRILLOS SATINADO CERAM - 01 L - ALBA;19564,25;23672,74
577;HOGAR FIJADOR AL AGUA - 10 L - ALBA;28517,05;34505,63
613;PILETAS ACRILICO CELESTE - 04 L - ALBA;67020,63;81094,96
614;PILETAS ACRILICO CELESTE - 10 L - ALBA;150796,93;182464,29
615;PILETAS ACRILICO CELESTE PROF - 04 L - ALBA;67020,63;81094,96
620;PISOS LATEX ACRIL AZUL - 01 L - ALBA;17687,44;21401,8
623;PISOS LATEX ACRIL CENIZA - 01 L - ALBA;17687,44;21401,8
624;PISOS LATEX ACRIL CENIZA - 04 L - ALBA;57482,66;69554,02
629;PISOS LATEX ACRIL NEGRO - 01 L - ALBA;17687,44;21401,8
634;PISOS LATEX ACRIL VERDE TENIS - 01 L - ALBA;17687,44;21401,8
635;PISOS LATEX ACRIL VERDE TENIS - 04 L - ALBA;57482,66;69554,02
638;PIZARRONES NEGRO - 01 L - ALBA;15390,62;18622,65
639;PIZARRONES VERDE - 01 L - ALBA;22971,25;27795,21
680;SATINOL BALANCE NEGRO -  500 ML - ALBA;11585,02;14017,87
681;SATINOL BALANCE NEGRO - 01 L - ALBA;19763,04;23913,28
695;SATINOL BLANCO -  500 ML - ALBA;12748,21;15425,33
696;SATINOL BLANCO - 01 L - ALBA;21747,91;26314,97
697;SATINOL BLANCO - 04 L - ALBA;74991,7;90739,96
699;SATINOL NEGRO -  500 ML - ALBA;10836,74;13112,46
700;SATINOL NEGRO - 01 L - ALBA;18485,67;22367,66
701;SATINOL NEGRO - 04 L - ALBA;63743,1;77129,15
727;TEX TRAVERTINO  FINO BLANCO 30 K - ALBA;104996,13;127045,32
771;BRIKOL LADRILLOS NATURAL X  1 LT. - CETOL;24422,94;29551,76
786;BRIKOL PISOS ALTO TRANSITO ROJO X  4 L - CETOL;85793,79;103810,49
791;BRIKOL PISOS INCOLORO X 1 LT. - CETOL;22821,39;27613,88
793;BRIKOL PISOS NEGRO X 1 LT. - CETOL;22821,39;27613,88
795;BRIKOL PISOS ROJO X 1 LT. - CETOL;22821,39;27613,88
837;CETOL CLASSIC BRILLANTE CAOBA X  1 LT - CETOL;23042,61;27881,56
838;CETOL CLASSIC BRILLANTE CAOBA X  4 LTS - CETOL;79458,93;96145,31
840;CETOL CLASSIC BRILLANTE CEDRO X  1 LTS - CETOL;23042,61;27881,56
841;CETOL CLASSIC BRILLANTE CEDRO X  4 LTS - CETOL;79458,93;96145,31
843;CETOL CLASSIC BRILLANTE CRISTAL X  1 LT - CETOL;23042,61;27881,56
846;CETOL CLASSIC BRILLANTE NATURAL X  1 LT. - CETOL;23042,61;27881,56
847;CETOL CLASSIC BRILLANTE NATURAL X  4 LTS. - CETOL;79458,93;96145,31
849;CETOL CLASSIC BRILLANTE NOGAL X  1 LT - CETOL;23042,61;27881,56
850;CETOL CLASSIC BRILLANTE NOGAL X  4 LTS. - CETOL;79458,93;96145,31
852;CETOL CLASSIC BRILLANTE ROBLE X  1 LT - CETOL;23042,61;27881,56
853;CETOL CLASSIC BRILLANTE ROBLE X  4 LTS - CETOL;79458,93;96145,31
855;CETOL CLASSIC SATINADO CAOBA X  1 LT - CETOL;17726,18;21448,68
859;CETOL CLASSIC SATINADO CEDRO X  1LT - CETOL;17726,18;21448,68
863;CETOL CLASSIC SATINADO CRISTAL X  1 LT - CETOL;17726,18;21448,68
867;CETOL CLASSIC SATINADO NATURAL X  1 LT. - CETOL;17726,18;21448,68
868;CETOL CLASSIC SATINADO NATURAL X  4 LTS - CETOL;61123,12;73958,98
871;CETOL CLASSIC SATINADO NOGAL X  1 LT - CETOL;17726,18;21448,68
872;CETOL CLASSIC SATINADO NOGAL X  4 LTS - CETOL;61123,12;73958,98
875;CETOL CLASSIC SATINADO ROBLE X  1 LT - CETOL;17726,18;21448,68
876;CETOL CLASSIC SATINADO ROBLE X  4 LTS. - CETOL;61123,12;73958,98
896;CETOL DECK ROBLE X  1 LT. - CETOL;21185,17;25634,06
958;CETOL PARQUET BALANCE SATINADO X 1 L - CETOL;50592,21;61216,57
966;CETOL TINTA UNIV ALGARROBO X 0,06 L - CETOL;3373,36;4081,77
967;CETOL TINTA UNIV ALGARROBO X 0,24 L - CETOL;8432,88;10203,78
968;CETOL TINTA UNIV CAOBA X 0,06 L - CETOL;3373,36;4081,77
969;CETOL TINTA UNIV CAOBA X 0,24 L - CETOL;8432,88;10203,78
970;CETOL TINTA UNIV CEDRO X 0,06 L - CETOL;3373,36;4081,77
971;CETOL TINTA UNIV CEDRO X 0,24 L - CETOL;8432,88;10203,78
972;CETOL TINTA UNIV NOGAL X 0,06 L - CETOL;3373,36;4081,77
973;CETOL TINTA UNIV NOGAL X 0,24 L - CETOL;8432,88;10203,78
974;CETOL TINTA UNIV PETIRIBI X 0,06 L - CETOL;3373,36;4081,77
975;CETOL TINTA UNIV PETIRIBI X 0,24 L - CETOL;8432,88;10203,78
976;CETOL TINTA UNIV ROBLE CLARO X 0,06 L - CETOL;3373,36;4081,77
977;CETOL TINTA UNIV ROBLE CLARO X 0,24 L - CETOL;8432,88;10203,78
978;CETOL TINTA UNIV ROBLE OSCURO X 0,06 L - CETOL;3373,36;4081,77
979;CETOL TINTA UNIV ROBLE OSCURO X 0,24 L - CETOL;8432,88;10203,78
980;CETOL TINTA UNIV VIRARO X 0,06 L - CETOL;3373,36;4081,77
981;CETOL TINTA UNIV VIRARO X 0,24 L - CETOL;8432,88;10203,78
982;CETOL TINTA UNIV WENGE X 0,06 L - CETOL;3373,36;4081,77
983;CETOL TINTA UNIV WENGE X 0,24 L - CETOL;8432,88;10203,78
984;AUTOCLEAR PLUS HS X 1L- SIKKENS;30050,59;36361,21
986;1K ALL PLASTIC PRIMER   AEROSOL -  - SIKKENS;27721,97;33543,58
987;1K ALL PLASTIC PRIMER 1L - SIKKENS;43973,01;53207,34
1060;AM PLUS REDUCER MEDIUM 1 LT - SIKKENS;13989,45;16927,23
1062;AM PLUS REDUCER MEDIUM 5 LT - SIKKENS;57924,88;70089,1
1064;ANTISILICON - SIKKENS;25167,22;30452,34
1066;AUTOCLEAR PLUS HS  5L - SIKKENS;135622,89;164103,7
1071;AUTOCRYL ENDURECEDOR P25 X 0.5L - SIKKENS;22638,74;27392,88
1072;AUTOCRYL ENDURECEDOR P25 X 1L - SIKKENS;41977,21;50792,42
1202;KOMBI FILLER - SIKKENS;9404,39;11379,31
1204;MULTIUSE FILLER HS X 1L DARK GREY - SIKKENS;29499,77;35694,72
1215;POLYKIT CLASSIC SET - SIKKENS;42030,83;50857,3
1217;POLYSTOP LP SET (POLYSTOP+CAT) - SIKKENS;31360,73;37946,48
1222;RRA - RAPID REPAIR AGENT  - SIKKENS;19675,77;23807,68
1225;SIK ACLEAR LV EXCLUSIVE EU 5L - SIKKENS;171191,24;207141,4
1233;SIK AUTOCLEAR CLASSIC FAST SA 0.9L - SIKKENS;27445,57;33209,14
1236;SIK END CLASSIC FAST SA 0.225L - SIKKENS;9305,42;11259,56
1238;SIK END CLASSIC FAST SA 0.9L - SIKKENS;35278,31;42686,76
1239;SIK PRIMER CLASSIC FAST SA 0.9L - SIKKENS;24219,47;29305,56
1242;SPOTPRIMER                                     AEROSOL - SIKKENS;14658,09;17736,29
1243;THINNER M700 X 1L - SIKKENS;11412,14;13808,69
1245;THINNER SRA - SIKKENS;21958,08;26569,28
1247;WASHPRIMER 1KCF                          AEROSOL - SIKKENS;24593,89;29758,61
1252;BARNIZ PU 5100 X 0.750L - WANDA;9937,31;12024,15
1255;BARNIZ PU 7100 X 1L- WANDA;14733,98;17828,12
1271;ENDURECEDOR 3093 X 0.5L  GENERAL P/LÍNEA PU 5100/PU 7100 - WANDA;14352,83;17366,92
1272;ENDURECEDOR P:U 3093 X 1L - WANDA;24397,67;29521,18
1276;ENDURECEDOR PU 3093 X 0.150L - WANDA;4175,35;5052,17
1280;PASTA DE PULIR FINA MARVELIZ - WANDA;10192,25;12332,62
1282;PRIMER PU 5100 HS X 0.750L - WANDA;13625,91;16487,35
1285;DILUYENTE P/POLIESTER Y PU 4030 X 0.900L - WANDA;9334,66;11294,94
1349;TRAPO CAVALIERI X 500 GR;5073,86;6139,37
1365;ESTOPA LUSTRE APELES 350GR - APELES;1379,83;1669,59
1369;LLANA PLASTICA DE ALTO IMPACTO 12X30 - LH;6977,84;8443,19
1370;VIRUTA ACERO FINA X 250 GR - APELES;3599,62;4355,54
1371;VIRUTA ACERO GRUESA X 250 GR - APELES;3599,62;4355,54
1372;VIRUTA ACERO MEDIANA X 250 GR - APELES;3599,62;4355,54
1378;ANTEOJO DE POLICARBONATO TRANSPARENTE - FURGUINO;4737,15;5731,95
1381;CEPILLO DE ALAMBRE BRONCE MANGO AZUL - FUEGUINO;2827,79;3421,63
1382;CUTTER METALICO ROTTWAILER;3049,83;3690,29
1384;DISCO FLAP OXIDO DE ALUMINIO 115MM GRANO 80 - ROTTWEILER;1899,58;2298,49
1385;DISCO FLAP OXIDO DE ALUMINIO 115MM GRANO 100 - ROTTWILER;1899,58;2298,49
1386;DISCO FLAP OXIDO DE ALUMINIO 115MM GRANO 120 - ROTTWEILER;1899,58;2298,49
1395;GUANTES LIVIANO GAMISOL - FUEGUINO;3620,68;4381,02
1396;GUANTES MOTEADO - FUEGUINO;1420,19;1718,43
1400;PISTOLA APLICADORA P/SILICONA AMARILLA - ROTTWEILER;9938,91;12026,08
1402;RASPADOR DE PINTURA Y CALCO - FUEGUINO;3404,45;4119,38
1435;CM ANTIOXIDO BLANCO 1 L - EMAPI;9490,15;11483,08
1437;CM ANTIOXIDO BLANCO 4 L - EMAPI;32617,8;39467,54
1441;CM ANTIOXIDO NEGRO 1 L - EMAPI;10015,42;12118,66
1444;CM ANTIOXIDO ROJO 1 L - EMAPI;10015,42;12118,66
1447;CM ANTIOXIDO ROJO 4 L - EMAPI;35424,43;42863,56
1448;CM CONVERTIDOR BLANCO 1 L - EMAPI;14167,25;17142,37
1450;CM CONVERTIDOR BLANCO 4 L - EMAPI;51252,16;62015,11
1451;CM CONVERTIDOR GRIS 1 L - EMAPI;14167,25;17142,37
1456;CM CONVERTIDOR NEGRO 4 L - EMAPI;34517,07;41765,65
1457;CM CONVERTIDOR ROJO 1 L - EMAPI;9950;12039,5
1462;CROMATICA ALUMINIO BRILL 1 L - EMAPI;21114,21;25548,19
1468;CROMATICA AMARILLO BRILL 1/2 L - EMAPI;8672,94;10494,26
1486;CROMATICA BERMELLON BRILL 1 L - EMAPI;15209,05;18402,95
1491;CROMATICA BLANCO BRILL 1 L - EMAPI;11120,83;13456,2
1496;CROMATICA BLANCO MATE 1 L - EMAPI;11120,83;13456,2
1497;CROMATICA BLANCO MATE 1/2 L - EMAPI;6330,15;7659,48
1499;CROMATICA BLANCO MATE 4 L - EMAPI;39431,3;47711,87
1500;CROMATICA BLANCO SAT 1 L - EMAPI;11120,83;13456,2
1501;CROMATICA BLANCO SAT 1/2 L - EMAPI;6330,15;7659,48
1519;CROMATICA GRIS BRILL 1 L - EMAPI;12217,23;14782,85
1521;CROMATICA GRIS BRILL 4 L - EMAPI;42158,2;51011,42
1522;CROMATICA GRIS ESPACIAL BRILL 1 L - EMAPI;12217,23;14782,85
1523;CROMATICA GRIS ESPACIAL BRILL 1/2 L - EMAPI;6865,13;8306,81
1549;CROMATICA NARANJA BRILL 1 L - EMAPI;15209,05;18402,95
1552;CROMATICA NEGRO BRILL 1 L - EMAPI;10032,58;12139,42
1553;CROMATICA NEGRO BRILL 1/2 L - EMAPI;5948,85;7198,11
1556;CROMATICA NEGRO BRILL 4 L - EMAPI;33437,41;40459,27
1557;CROMATICA NEGRO MATE 1 L - EMAPI;10032,58;12139,42
1558;CROMATICA NEGRO MATE 1/2 L - EMAPI;5948,85;7198,11
1560;CROMATICA NEGRO MATE 4 L - EMAPI;33437,41;40459,27
1561;CROMATICA NEGRO SAT 1 L - EMAPI;10032,58;12139,42
1562;CROMATICA NEGRO SAT 1/2 L - EMAPI;5948,85;7198,11
1563;CROMATICA NEGRO SAT 20 L - EMAPI;159679,34;193212
1587;CROMATICA VERDE INGLES BRILL 4 L - EMAPI;40880,68;49465,62
1599;EMACRIL BLANCO 20 K - EMAPI;99461,88;120348,87
1600;EMACRIL BLANCO 4 K - EMAPI;20811,59;25182,02
1613;EMACRIL ROJO TEJA 1K - EMAPI;6490,11;7853,03
1626;EMAPI INT - EXT POLIURETANO 1 L - EMAPI;6157,29;7450,32
1649;ENDUIDO 10 L - EMAPI;29288,22;35438,75
1668;HD INTERIOR SAT 1 L - EMAPI;11607,67;14045,28
1672;LOOK FRENTES AMARILLO 1 L - EMAPI;9430,63;11411,06
1675;LOOK FRENTES AMARILLO 4 L - EMAPI;31478,93;38089,51
1680;LOOK FRENTES BLANCO 1 L - EMAPI;6945,11;8403,58
1696;LOOK FRENTES MARRON 1 L - EMAPI;7188,07;8697,56
1700;LOOK FRENTES NEGRO 1 L - EMAPI;7188,07;8697,56
1743;LOOK TENDENCIAS ROJO CEIBO 1L - EMAPI;11144,74;13485,14
1761;PRO LADRILLO TRAT PROT NATURAL 1 L - EMAPI;11471,14;13880,08
1764;PRO MADERA BARNIZ BRILL 1 L - EMAPI;9635,03;11658,39
1765;PRO MADERA BARNIZ BRILL 1/2 L - EMAPI;5963,74;7216,13
1768;PRO MADERA BARNIZ MATE 1 L - EMAPI;15017,1;18170,69
1769;PRO MADERA BARNIZ MATE 1/2 L - EMAPI;8697,35;10523,79
1771;PRO MADERA BARNIZ MATE 4 L - EMAPI;56318,65;68145,57
1772;PRO MADERA BARNIZ SAT 1 L - EMAPI;15017,1;18170,69
1773;PRO MADERA BARNIZ SAT 1/2 L - EMAPI;8697,35;10523,79
1775;PRO MADERA BARNIZ SAT 4 L - EMAPI;56318,65;68145,57
1779;PRO MADERA TRAT PROT CAOBA SAT 1 L - EMAPI;15764,4;19074,92
1782;PRO MADERA TRAT PROT CAOBA TRAD 1 L - EMAPI;12941,59;15659,32
1785;PRO MADERA TRAT PROT CEDRO SAT 1 L - EMAPI;15764,4;19074,92
1787;PRO MADERA TRAT PROT CEDRO SAT 4 L - EMAPI;56633,42;68526,44
1788;PRO MADERA TRAT PROT CEDRO TRAD 1 L - EMAPI;12941,59;15659,32
1791;PRO MADERA TRAT PROT NATURAL SAT 1 L - EMAPI;15764,4;19074,92
1794;PRO MADERA TRAT PROT NATURAL TRAD 1 L - EMAPI;12941,59;15659,32
1797;PRO MADERA TRAT PROT NOGAL SAT 1 L - EMAPI;15764,4;19074,92
1800;PRO MADERA TRAT PROT NOGAL TRAD 1 L - EMAPI;12941,59;15659,32
1803;SELLADOR FIJADOR 1 L - EMAPI;4769,16;5770,68
1804;SELLADOR FIJADOR 10 L - EMAPI;31640,69;38285,23
1826;AEROSOL TOKE ALTA TEMPERATURA NEGRO X 283G - TOKE;18581,95;22484,16
1827;AEROSOL TOKE ALTA TEMPERATURA PLATA X 283G - TOKE;18581,95;22484,16
1830;AEROSOL TOKE AZUL BRILLANTE X 283G - TOKE;11909,52;14410,52
1833;AEROSOL TOKE BLANCO MATE X 283G - TOKE;11909,52;14410,52
1834;AEROSOL TOKE BLANCO SATINADO X 283G - TOKE;11909,52;14410,52
1837;AEROSOL TOKE GRIS OSCURO X 283G - TOKE;11909,52;14410,52
1840;AEROSOL TOKE LLANTA GRIS GRAFITO  X 283G - TOKE;18076;21871,96
1844;AEROSOL TOKE NEGRO MATE X 283G - TOKE;11909,52;14410,52
1845;AEROSOL TOKE NEGRO SATINADO X 283G - TOKE;11909,52;14410,52
1849;AEROSOL TOKE ROSA INTENSO X 283G - TOKE;11909,52;14410,52
1856;REMOVEDOR EN GEL NF 1KL - DIXILINA;9358,2;11323,42
1857;REMOVEDOR EN GEL NF 4KL - DIXILINA;34631,9;41904,6
1859;THINNER SELLO ORO - 0.9L - DIXILINA;6004,38;7265,3
1861;CINTA AUTOMOTOR BLANCA N18 - SHERWIN WILLIAMS;2077,27;2513,5
1862;CINTA AUTOMOTOR BLANCA N24 - SHERWIN WILLIAMS;2769,69;3351,32
1863;CINTA AUTOMOTOR BLANCA N36 - SHERWIN WILLIAMS;4153,63;5025,89
1864;CINTA AUTOMOTOR BLANCA N48 - SHERWIN WILLIAMS;5538,47;6701,55
1866;CINTA AUTOMOTOR PREMIUM AMARILLA N18 - SHERWIN;2077,27;2513,5
1867;CINTA AZUL PREMIUM N24 - SHERWIN WILLIAMS;2902,19;3511,65
1868;CINTA AZUL PREMIUM N36 - SHERWIN WILLIAMS;4353,28;5267,47
1869;CINTA AZUL PREMIUM N48 - SHERWIN WILLIAMS;5804,37;7023,29
1870;CINTA AZUL PREMIUN N18 - SHERWIN WILLIAMS;2177,09;2634,28
1874;CINTA FASTLINE BLANCA 48X40 - SHERWIN WILLIAMS;4208,98;5092,87
1875;KIT BARNIZ 8937 CATALIZADOR 065 0,9 - SHERWIN WILLIAMS;46903,05;56752,69
1877;LACA NITRO GRAFITO PARA LLANTAS X 0.9 - SHERWIN WILIAMN;24376,77;29495,89
1886;AEROSOL LLANTAS - RINES NEGRO MATE - RUST OLEUM;30838,37;37314,43
1892;AEROSOL ULTRA COVER 2X BLANCO MATE - RUST OLEUM;21605,67;26142,86
1906;AEROSOL BLANCO SATINADO - HARDCORE;10367,28;12544,41
1918;GASA BARNIZADA - ROBERLO;10214,7;12359,79
1948;IMPERTEX FONDO PARA TEXTURADO COLORES STOCK X 20KL - SITEX;116832,49;141367,31
1954;TEXTURADO MARMOLATO FINO BLANCO X 25KL - VENEZIA;101512,71;122830,38
1957;TEXTURADO MARMOLATO MEDIANO BLANCO X 25KG - VENEZIA;101512,71;122830,38
1968;TEXTURADO TRAVERTINO MEDIANO IMPERTEX X 25KL - SITEX VENEZIA;83010,12;100442,25
1969;CINTA PYTHON ALTA RESISTENCIA GRIS X 9 MTS;8672,3;10493,48
1970;EL PULPITO CARTUCHO 400GR - PULPITO;19836,1;24001,68
1972;POXIMIX EXTERIOR X 1.25KL;6420,32;7768,59
1973;POXIMIX EXTERIOR X 3KG;14135,43;17103,87
1974;POXIMIX EXTERIOR X 5KL;22613,86;27362,77
1976;POXIMIX INTERIOR X 3KL;14135,43;17103,87
1977;POXIMIX INTERIOR X 5KL;22613,86;27362,77
1979;IMPERVENIA MEMBRANA POLIURETANICA X 10L - VENIATEX;61444,02;74347,26
1997;AUTOPOLISH CERA PROTECTORA PARA AUTOS  0.900L - COLORIN;14641,67;17716,42
1998;AUTOPOLISH CERA PROTECTORA PARA AUTOS X 0.450L - COLORIN;9242,5;11183,43
1999;AUTOPOLISH LUSTRE INTENSO - CLASICO X 0.450L - COLORIN;9238,41;11178,48
2000;AUTOPOLISH LUSTRE INTENSO - CLASICO X 0.900 L - COLORIN;15057,19;18219,2
2006;MASILLA ANCLAFLEX 15 KL - ANCLAFLEX;27069,18;32753,71
2007;MASILLA ANCLAFLEX 28 KL - ANCLAFLEX;40774,81;49337,52
2008;MASILLA ANCLAFLEX 7 KL - ANCLAFLEX;15610,66;18888,9
2009;ABREBALDE ROSARPIN;1414,96;1712,1
2010;BANDEJA DE COLGAR - ROSARPIN;3718,54;4499,43
2011;BANDEJA MINI - ROSARPIN;1149,37;1390,74
2012;BANDEJA PLANA - ROSARPIN;3593,66;4348,33
2013;COBERTOR 3X3M - ROSARPIN;8621,3;10431,77
2014;COBERTOR 3X5M - ROSARPIN;10689,89;12934,77
2024;MANTA SINTETICA 1*25M - ROSARPIN;17434,51;21095,76
2047;RODILLO ANTIGOTA 22CM - ROSARPIN;6791,08;8217,21
2048;RODILLO EPOXI ALTO SOLIDO 22CM - ROSARPIN;8211,88;9936,37
2049;RODILLO SINTETICO PROFESIONAL 22CM -  ROSARPIN;8494,74;10278,64
2050;VENDA SINTETICA  10*25CM - ROSARPIN;2038,2;2466,22
2051;VENDA SINTETICA 20*25CM - ROSARPIN;3833,22;4638,2
2054;AEROSOL LINEA JOVEN-SALMON ROSADO POR 240 CC - DISTINCION;4351,51;5265,33
2055;AEROSOL LINEA JOVEN-TURQUESA CARIBE POR 240 CC -  DISTINCION;4351,51;5265,33
2083;IMPERMEABILIZANTE M Y M AZUL DISTINCIÓN G4 X 1 - DISTINCION;8105,02;9807,07
2095;IMPERMEABILIZANTE M Y M GRIS LONDRES G3 X 1LT. - DISTINCION;8105,02;9807,07
2098;IMPERMEABILIZANTE M Y M GUINDA G1 X 1 LT - DISTINCION;8105,02;9807,07
2104;IMPERMEABILIZANTE M Y M MARRÓN AFRICANO G3 X 1 LT -  DISTINCION;8105,02;9807,07
2125;IMPERMEABILIZANTE M Y M VERDE JADE G1 X 1 LT - DISTINCION;8105,02;9807,07
2131;IMPERMEABILIZANTE M Y M VIOLETA G1 X 1 LT - DISTINCION;8105,02;9807,07
2178;MEMBRANA ULTRACAPA TRANSPARENTE X 1 LT - DISTINCION;7731,62;9355,26
2194;AZUL RAL 5015 SINTETICO SECADO RAPIDO X 3.6L- FARBEN;55735,43;67439,87
2197;BARNIZ PU ACRI. HS ALTA PERFORMACE 2X1  -  543.890-0.9  -  FARBEN;24170,38;29246,16
2198;BARNIZ PU ACRI. HS ALTA PERFORMACE 2X1  -  543.890-5.0  -  FARBEN;126326,96;152855,62
2199;BARNIZ PU ACRIL. ALTOS SOLIDOS 2X1  -  543.850-0.9  -  FARBEN;16994,94;20563,88
2200;BARNIZ PU ACRIL. ALTOS SOLIDOS 2X1  -  543.850-5.0  -  FARBEN;85664,64;103654,21
2202;BARNIZ PU BICOMPONENTE 5 X 1  -  543.800-0.75  -  FARBEN;12512,51;15140,14
2307;CATALIZADOR VINILICO P/WASH PRIMER  -  577.000-0.3  -  FARBEN;5966,08;7218,96
2308;CERA LIMPIADORA EN PASTA 180 GR- FARBEN;17532,42;21214,23
2310;CERA PROTECTORA LIQUIDA  X 0.5 KL - FARBEN;27699,98;33516,98
2317;COMPOSTO PULIDOR EXTRA FUERTE PO539.100-1.0 - FARBEN;18628,55;22540,55
2403;DILUYENTE POLIESTER 8400 X 0.9L - FARBEN;9797,97;11855,54
2406;ENDURECEDOR P/ PRIMER PU - ALIF  -  573.790-0.225  -  FARBEN;9480,44;11471,33
2407;ENDURECEDOR  PU/ALTA PERFORMANCE  -  573.009-0.45  -  FARBEN;21747,43;26314,39
2408;ENDURECEDOR  PU/ALTA PERFORMANCE  -  573.009-0.9  -  FARBEN;38102,34;46103,83
2411;ENDURECEDOR P/ PRIMER PU - ALIF -  573.790-0.9  -  FARBEN;23410,88;28327,16
2412;ENDURECEDOR P/ PRIMER PU - ALIF  -  573.790-0.15  -  FARBEN;5868,84;7101,3
2414;ENDURECEDOR P/ PRIMER PU - ALIF  -  573.790-0.45     -  FARBEN;13801,46;16699,77
2415;ENDURECEDOR P/ PU  -  573.008-0.15  -  FARBEN;6164,15;7458,62
2416;ENDURECEDOR PU ACELERADO  -  573.950-0.225  -  FARBEN;9738,41;11783,48
2417;ENDURECEDOR PU ACELERADO  -  573.950-0.45  -  FARBEN;14014,87;16957,99
2418;ENDURECEDOR PU ACELERADO  -  573.950-0.9  -  FARBEN;23643,06;28608,1
2419;ESM. SINT. AMARILLO TRANSITO  -  531.6190-0.9  -  FARBEN;12382,62;14982,97
2421;ESM. SINT. GRIS GRAFITE FD 83  -  531.2115-0.9  -  FARBEN;12382,62;14982,97
2422;ESM. SINT. NARANJA SC 81  -  531.6610-0.9  -  FARBEN;12614,79;15263,9
2423;ESM. SINT. VERDE JOHN DEERE  -  531.7000-0.9  -  FARBEN;12382,62;14982,97
2425;ESM.SINT. AZUL MB 5497/97  -  531.5140-0.9  -  FARBEN;12382,62;14982,97
2426;ESM.SINT.ALUMINIO OPALECENTE  -  531.8060-0.9  -  FARBEN;12382,62;14982,97
2427;ESM.SINT.ALUMINIO OPALECENTE  -  531.8060-3.6  -  FARBEN;46783,07;56607,51
2428;ESM.SINT.NEGRO BRILLANTE  -  531.8550-0.9  -  FARBEN;12382,62;14982,97
2430;ESM.SINT.NEGRO MATE  -  531.8780-0.9  -  FARBEN;12382,62;14982,97
2435;GALVIBEN ACRILICO DF NEGRO - 110.8550-3.6 - FARBEN;45478,8;55029,35
2438;LACA NC NEGRO S/BRIL  -  532.9060-0.9  -  FARBEN;19120,61;23135,94
2440;LUSTRADOR DOBLE ACCION (PASO 3) - FARBEN;21269,35;25735,91
2441;MASILLA PEQUEÑOS REPAROS X180GR - FARBEN;6049,27;7319,62
2447;MASSA DE PULIR  EXTRA FUERTE PO539.110-1.0 - FARBEN;17797,12;21534,52
2455;PRIMER PU CZA ALTO SOLIDO 4X1  -  513.410-0.9  -  FARBEN;13397,81;16211,35
2457;PRIMER PU GRIS 5X1  -  513.210-0.75  -  FARBEN;9218,68;11154,6
2461;PRIMER PU HS GRIS SEC.RAPIDO 5X1  -  513.510-0.75  -  FARBEN;12837,86;15533,81
2465;PRIMER UNIVERSAL BLANCO  -  512.130-0.9  -  FARBEN;11544,36;13968,68
2467;PRIMER UNIVERSAL GRIS  -  512.220-0.9  -  FARBEN;11283,96;13653,59
2469;PRIMER UNIVERSAL NEGRO X 0.9  512.900EX-0.9 - FARBEN;13220,26;15996,51
2470;PULIDOR 3 EN 1 X 0.5 KL - FARBEN;25438,99;30781,18
2471;PULIDOR FINO (PASO 2)   COD 130-05    - FARBEN;21269,35;25735,91
2481;SELLADOR P/PLASTICO  -  509.000-0.9  -  FARBEN;22770,13;27551,86
2482;SILICONA GEL X 250GR - FARBEN;18342,09;22193,93
2485;WASH PRIMER  -  517.600-0.6  -  FARBEN;11932,16;14437,91
2546;LIJA AL AGUA N120 - EL GALGO;675,84;817,77
2551;LIJA AL AGUA N2000 - EL GALGO;2071,08;2506,01
2554;LIJA AL AGUA N280 - GALGO;675,84;817,77
2557;LIJA AL AGUA N400- EL GALGO;675,84;817,77
2566;PINCEL GOLD N10 - EL GALGO;2540,42;3073,91
2567;PINCEL GOLD N15 - EL GALGO;3703,71;4481,49
2568;PINCEL GOLD N20 - EL GALGO;4837,06;5852,84
2569;PINCEL GOLD N25 - EL GALGO;6318,26;7645,09
2570;PINCEL GOLD N30 - EL GALGO;7715,35;9335,57
2571;PINCEL PERSIANERO X 10 - EL GALGO;2035,76;2463,27
2572;PINCEL PERSIANERO X 15 - EL GALGO;2350,81;2844,48
2573;PINCEL PERSIANERO X 20 - EL GALGO;3099,25;3750,09
2574;PINCEL PERSIANERO X 25 - EL GALGO;3683,75;4457,34
2575;PINCEL PERSIANERO X 30 - EL GALGO;5440,09;6582,51
2577;PINCELETA OBRA AZUL V4 N 40 - EL GALGO;5458,2;6604,42
2579;RODILLO CUERO LANAR N° 22 - EL GALGO;12310,64;14895,87
2584;RODILLO FOAM N 11- GALGO;4700,2;5687,24
2585;RODILLO FOAM N 7 - GALGO;3712,26;4491,83
2602;DISCO FIBRA 180X22 GRANO N°16 F247 - NORTON;3838,97;4645,15
2603;DISCO FIBRA 180X22 GRANO N°24 F247 - NORTON;3838,97;4645,15
2604;DISCO FIBRA 180X22 GRANO N°36 F247 - NORTON;3838,97;4645,15
2606;HOJA TELA ESMERIL K246 N120 - NORTON;1556,74;1883,66
2607;HOJA TELA ESMERIL K246 N150 - NORTON;1556,74;1883,66
2608;HOJA TELA ESMERIL K246 N180 - NORTON;1556,74;1883,66
2609;HOJA TELA ESMERIL K246 N40 - NORTON;1556,74;1883,66
2610;HOJA TELA ESMERIL K246 N50 - NORTON;1556,74;1883,66
2611;HOJA TELA ESMERIL K246 N80 - NORTON;1556,74;1883,66
2614;LIJA AL AGUA NOR T277 N180 - NORTON;752,16;910,11
2615;LIJA AL AGUA NOR T277 N220 - NORTON;752,16;910,11
2616;LIJA AL AGUA NOR T277 N240 - NORTON;752,16;910,11
2617;LIJA AL AGUA NOR T277 N280 - NORTON;752,16;910,11
2618;LIJA AL AGUA NOR T277 N320 - NORTON;752,16;910,11
2619;LIJA AL AGUA NOR T277 N360 - NORTON;752,16;910,11
2620;LIJA AL AGUA NOR T277 N400 - NORTON;752,16;910,11
2621;LIJA AL AGUA NOR T277 N500 - NORTON;752,16;910,11
2622;LIJA AL AGUA NOR T277 N60 - NORTON;752,16;910,11
2623;LIJA AL AGUA NOR T277 N600 - NORTON;752,16;910,11
2625;LIJA AZUL NORTON T419 - N100;901,72;1091,08
2626;LIJA AZUL NORTON T419 - N120;901,72;1091,08
2627;LIJA AZUL NORTON T419 - N150;901,72;1091,08
2628;LIJA AZUL NORTON T419 - N180;901,72;1091,08
2629;LIJA AZUL NORTON T419 - N220;901,72;1091,08
2630;LIJA AZUL NORTON T419 - N240;901,72;1091,08
2631;LIJA AZUL NORTON T419 - N280;901,72;1091,08
2634;LIJA AZUL NORTON T419 - N400;901,72;1091,08
2635;LIJA AZUL NORTON T419 - N500;901,72;1091,08
2636;LIJA AZUL NORTON T419 - N60;901,72;1091,08
2638;LIJA AZUL NORTON T419 - N80;901,72;1091,08
2639;LIJA AZUL NORTON T419 - N800;901,72;1091,08
2640;LIJA AZUL T499 N 1200 - NORTON;1106,01;1338,27
2641;LIJA AZUL T499 N 1500 - NORTON;1540,87;1864,45
2642;LIJA AZUL T499 N 2000 - NORTON;1540,87;1864,45
2643;LIJA AZUL T499 N 2500 - NORTON;1540,87;1864,45
2644;LIJA AZUL T499 N1000 - NORTON;1106,01;1338,27
2647;LIJA DISCO A275 N180 - NORTON;1198,3;1449,94
2648;LIJA DISCO A275 N220 - NORTON;1198,3;1449,94
2649;LIJA DISCO A275 N240 - NORTON;1198,3;1449,94
2650;LIJA DISCO A275 N320 - NORTON;1272,59;1539,83
2651;LIJA DISCO A275 N400 - NORTON;1272,59;1539,83
2652;LIJA DISCO A275 N600 - NORTON;1272,59;1539,83
2653;LIJA DISCO A275 N80 - NORTON;1198,3;1449,94
2659;PASTA DE PULIR N2 - NORTON;21699,96;26256,95
2662;ACIDO LIMPIADOR MULTI ACCION X 1L - MERCLIN;6349,23;7682,57
2674;LIQUITECH IMPERMEABILIZANTE PARA LADRILLO NATURAL X 1L - MERCLIN;8501,17;10286,42
2677;LIQUITECH IMPERMEABILIZANTE PARA LADRILLO ROJO X 1L - MERCLIN;8501,17;10286,42
2681;LIQUITECH INT PREMIUM DESIGN X 1L AZUL TULUM - MERCLIN;11824,12;14307,19
2682;LIQUITECH INT PREMIUM DESIGN X 1L GREIGE MILAN - MERCLIN;11824,12;14307,19
2683;LIQUITECH INT PREMIUM DESIGN X 1L GREIGE PRAGA - MERCLIN;11824,12;14307,19
2686;LIQUITECH INT PREMIUM DESIGN X 1L GRIS OSLO - MERCLIN;11824,12;14307,19
2687;LIQUITECH INT PREMIUM DESIGN X 1L GRIS QUEBEC - MERCLIN;11824,12;14307,19
2688;LIQUITECH INT PREMIUM DESIGN X 1L VERDE DUBLIN - MERCLIN;11824,12;14307,19
2712;LIQUITECH MEMBRANA AUTOADHESIVA 10CM X 10M - MERCLIN;17812,49;21553,11
2713;LIQUITECH MEMBRANA SELLATODO EN AEROSOL BLANCO X 440ML - MERCLIN;17495,54;21169,6
2714;LIQUITECH MEMBRANA POLIU. EN PASTA BLANCA X 10L - MERCLIN;71616,3;86655,72
2715;LIQUITECH MEMBRANA POLIU. EN PASTA BLANCA X 1L - MERCLIN;8838,12;10694,13
2716;LIQUITECH MEMBRANA POLIU. EN PASTA BLANCA X 20L - MERCLIN;134517,29;162765,92
2727;LIQUITECH TAPA GOTERAS X 1L - MERCLIN;7475,2;9044,99
2740;PROBELL LASUR ROBLE BRILLANTE X 1L - MERCLIN;14089,79;17048,65
2747;DESOXIDANTE ZEOCAR X 0.950 L - ZEOCAR;8357,76;10112,89
2752;ESPATULA DE GOMA AZUL - ZEOCAR;3121,76;3777,33
2753;ESPATULA DE PLASTICO ZEOCAR;1277,25;1545,47
2754;MASILLA ALUMINIO X 535 GR - ZEOCAR;14598,86;17664,62
2755;MASILLA FIBRADA X 0.535 KL - ZEOCAR;12947,87;15666,92
2757;MASILLA FINISH X 1KL - ZEOCAR;16773,57;20296,02
2758;MASILLA FINISH X 4KL - ZEOCAR;48916,46;59188,92
2761;MASILLA POLIESTER AZUL 1KL - ZEOCAR;13392,97;16205,49
2762;MASILLA POLIESTER AZUL 4KL - ZEOCAR;38454,14;46529,51
2764;MASILLA ZEOFLEX 0.700 KG - ZEOCAR;19282,1;23331,34
2777;DESOXIMAS DESOXIDANTE DESENGRASANTE 1 L - SINTEPLAST;8703,77;10531,56
2782;KIT PARCHE 1 L - SINTEPLAST;35023,44;42378,36
2783;KIT PARCHE 200 CC - SINTEPLAST;17564,1;21252,56
2784;KIT PARCHE 500 CC - SINTEPLAST;23807,46;28807,03
2786;KIT SINTEPOX EPOXI RECUFLOOR AT. BLANCO X 4L - SINTEPLAST;97229,61;117647,83
2792;LACA NITROSINTETICA ALUMINIO PARA LLANTAS 1 L - SINTEPLAST;17367,17;21014,28
2793;LACA NITROSINTETICA NEGRO BRILLANTE 1 L - SINTEPLAST;19936,14;24122,73
2795;LACA NITROSINTETICA NEGRO SATINADO 0,5 L - SINTEPLAST;10066,95;12181,01
2796;LACA NITROSINTETICA NEGRO SATINADO 1 L - SINTEPLAST;17385,1;21035,97
2798;MASILLA POLIESTER EXTRA FINA 1 KG - SINTEPLAST;12282,61;14861,96
2800;MASILLA POLIESTER EXTRA FINA 4 KG - SINTEPLAST;37308,32;45143,07
2801;MASILLA POLIESTER MULTIUSO 1 KG - SINTEPLAST;10612,39;12840,99
2803;MASILLA POLIESTER MULTIUSO 4 KG - SINTEPLAST;31671,19;38322,14
2804;MASILLA UNIVERSAL PIROXILINA ROJA 1 L - SINTEPLAST;17236,32;20855,95
2806;PASTA DE PULIR GRUESA 0,5 L - SINTEPLAST;8023,7;9708,68
2807;PASTA DE PULIR GRUESA 1 L - SINTEPLAST;12088,47;14627,05
2812;PASTA PARA PULIR FINA 1 L - SINTEPLAST;12610,93;15259,23
2814;PINTURA SUBCARROCERIA NEGRA X 1 L - SINTEPLAST;10830,88;13105,36
2815;PRIMER ADHERENTE PARA PLASTICOS 0,5 L - SINTEPLAST;12307,68;14892,29
2816;PRIMER ADHERENTE PARA PLASTICOS 1 L - SINTEPLAST;20029,43;24235,61
2817;PRIMER ALTO SOLIDO 1K BEIGE 1 L - SINTEPLAST;19106,03;23118,3
2821;PRIMER UNIVERSAL 1 K BLANCO 1 L - SINTEPLAST;16811,82;20342,3
2822;PRIMER UNIVERSAL 1 K GRIS 1 L - SINTEPLAST;16811,82;20342,3
2823;PRIMER UNIVERSAL 1 K NEGRA 1 L - SINTEPLAST;16111,33;19494,71
2840;RECUPLAST FRENTES 20 L - SINTEPLAST;179478,87;217169,43
2848;TRIMAS IMPRESION NS GRIS X 0.9L - SINTEPLAST;12893,43;15601,05
2849;PAÑO MIURA NARANJA;15960,7;19312,45
2851;FILM PLASTICO PARA ENMASCARAR CON CINTA CREPE 1,4 MTS X 25 MTS -  SHERWIN WILLIAMS;13082,73;15830,1
2861;ESPUMA POLIURETANO FISCHER X 300ML - FISCHER;15272,16;18479,31
2862;ESPUMA POLIURETANO FISCHER X 500ML -FISCHER;19480,23;23571,08
2863;ESPUMA POLIURETANO FISCHER X 750ML -FISCHER;29313,56;35469,41
2872;LIJA TELA ESMERIL 3M N120 - 3M;991,44;1199,64
2873;LIJA TELA ESMERIL 3M N50 - 3M;991,44;1199,64
2884;SELLADOR ACRILICO PINTABLE PREMIUN X 310ML - FISCHER;10272,01;12429,13
2885;SELLADOR NEUTRO BLANCA 284ML - FISCHER;8755,05;10593,61
2886;SELLADOR NEUTRO NEGRO 284ML - FISCHER;8755,05;10593,61
2887;SELLADOR NEUTRO TRANSPARENTE 284ML - FISCHER;8755,05;10593,61
2888;SELLADOR PEGADO TOTAL X 310ML - FISCHER;12790,92;15477,01
2889;SILICONA ACETICA MULTIUSO INCOLORO 260 ML - FISCHER;8236,67;9966,37
2904;ACEITE DE LINO 1L - GEO;4425,27;5354,58
2927;HYDRA ACEITE DE LINO X 1 - COLORIN;16684,5;20188,25
2937;SELLA CANALETAS TEKBOND ALUMINIO X 300 ML;7425;8984,25
2938;PRIMER SURFACER RAPIDO ROJO OXIDO 0,9 L - SHERWIN WILIAMS;17636,94;21340,7
2945;HOJA TELA ESMERIL K246 N100 - NORTON;1556,74;1883,66
2955;AGUARRAS X 900 CC - GEO;4264,41;5159,94
2963;TRIMAS DESENGRASANTE 4 L - SINTEPLAST;31164,14;37708,61
2986;ALBA CONVERT DE OXIDO ROJO - 500CC - ALBA;7962,92;9635,13
2995;ALBALUX DIAM 3EN1 CREMA - 01 L - ALBA;16316,28;19742,7
2998;DURALBA ACRILICO AMARILLO - 01 L - ALBA;12263,97;14839,4
2999;DURALBA FRENTES Y MUROS  AMARILLO - 01 L - ALBA;15524,17;18784,25
3000;DURALBA FRENTES Y MUROS  TRAFUL - 01 L - ALBA;15524,17;18784,25
3003;SATINOL CANARIA - 01 L - ALBA;13705,81;16584,03
3014;CONSTRUCTOR INT/EXT MATE VERDE PAMPEANO - 01 L - ALBA;10427,95;12617,82
3016;CONSTRUCTOR INT/EXT MATE VIOLETA CUYO - 01 L - ALBA;10427,95;12617,82
3020;CONSTRUCTOR INT/EXT MATE AZUL GLACIAR - 01 L - ALBA;10427,95;12617,82
3030;AEROSOL LINEA JOVEN-CELESTE BEBE POR 240 CC - DISTINCION;4351,51;5265,33
3041;RODILLO FOAM N° 16- GALGO;5735,19;6939,58
3044;LIJA TELA ESMERIL 3M N150 - 3M;991,44;1199,64
3045;LIJA DISCO A275 N1000 - NORTON;1272,59;1539,83
3063;AEROSOL TOKE EPOXI NEGRO 283G - TOKE;18076;21871,96
3068;AEROSOL VERDE X 200 ML - TEKBOND;2276,87;2755,01
3069;AEROSOL BLANCO MATE X 200 ML - TEKBOND;2276,87;2755,01
3072;AEROSOL GRIS HIELO X 200 ML - TEKBOND;2276,87;2755,01
3073;AEROSOL BLANCO BRILLANTE X 200 ML - TEKBOND;2276,87;2755,01
3078;HOJA TELA ESMERIL K246 N60 - NORTON;1556,74;1883,66
3108;"ESPATULA ACERO N° 1 1/2"" - MOTA";3305,45;3999,59
3109;"ESPATULA ACERO N° 2"" HE20 - MOTA";3500,44;4235,53
3110;"ESPATULA ACERO N° 2 1/2"" - MOTA";3695,46;4471,51
3111;"ESPATULA ACERO N° 3"" - MOTA";3890,45;4707,44
3112;"ESPATULA ACERO N° 4"" HE40 - MOTA";4279,42;5178,1
3113;"ESPATULA ACERO N° 5"" HE50 - MOTA";4688,18;5672,7
3114;"ESPATULA ACERO N° 6"" - MOTA";5097,26;6167,68
3123;DISCO FIBRA 180X22 GRANO N°50 F247 - NORTON;3241,04;3921,66
3124;LIJA FRATACHO INDASA N220;1492,89;1806,4
3135;LIJA SINTEPLAST GRANO N°500 - SINTEPLAST;584,1;706,76
3136;LIJA SINTEPLAST GRANO N°800 - SINTEPLAST;584,1;706,76
3152;AEROSOL COLORGIN X 350 ML - COLORGIN;5233,03;6331,97
3162;VINTAGE AMARILLO AMANECER X 1 LT;14519,32;17568,38
3163;VINTAGE VERDE ESTANQUE X 1 LT;14519,32;17568,38
3165;VINTAGE AZUL COSTEÑO X 1 LT;14519,32;17568,38
3173;"PAÑO DE GOMA ESPUMA NEGRO 3"" - ZEOCAR";6065,72;7339,52
3175;LUMINOR X4 NATURAL 1 L - POLACRIN;3993;4831,53
3184;RODILLO HILADO EXTREMO  22CM T50 - ROSARPIN;10819,22;13091,26
3185;MINI RODILLO EPOXI 6CM - ROSARPIN;2211,78;2676,25
3186;MINI RODILLO EPOXI 8CM - ROSARPIN;2554,6;3091,07
3188;KIT ESENCIAL EL VENCEDOR - ROSARPIN;16468,17;19926,49
3231;SELLADOR CONCRETO X 300 ML - PINROLL;5701,57;6898,9
3232;SELLADOR ADHESIVO DE MONTAJE BEATS THE NAIL X 350 ML - PINROLL;5793,38;7009,99
3237;SIKA ROD FONDO DE JUNTA 3/8 X 1 MTR.;719,23;870,27
3242;LIJA AL AGUA NOR T277 N150 - NORTON;752,16;910,11
3243;LIQUITECH CAUCHOGOMA IMPERMEABILIZANTE X 20L BLANCO - MERCLIN;154367,18;186784,29
3245;AM PLUS MM Q195 - SIKKENS;127088,94;153777,62
3266;VENIADRIL IMPREGNANTE SILICONADO X 1LT - VENIATEX;6744,38;8160,7
3275;PASTA PARA PULIR 106 AL AGUA X 150 GR - SHERWIN WILIAMS;7474,33;9043,94
3277;SIKA PRIMER P/SELLADOR POLIURETANO X 250 ML;47102,96;56994,58
3278;FILTROS CONICOS DE PAPEL DE 190µ  - NORTON;280,78;339,74
3292;ESM. SINT. BLANCO BRILLANTE  -  330.100-0.9  -  FARBEN;10120,78;12246,14
3294;ESM. SINT. GRIS CINZA MEDIO  -  330.160-0.9  -  FARBEN;10120,78;12246,14
3298;ESM. SINT. NEGRO PRETO  -  330.900-0.9  -  FARBEN;10120,78;12246,14
3300;PINCEL YAGO V2 (NARANJA / CELESTE) N°10 - ROSARPIN;3636,08;4399,66
3301;PINCEL YAGO V2 (NARANJA / CELESTE) N°15 - ROSARPIN;4530,58;5482
3302;PINCEL YAGO V2 (NARANJA / CELESTE) N°20 - ROSARPIN;5424,67;6563,85
3303;PINCEL YAGO V2 (NARANJA / CELESTE) N°25 - ROSARPIN;6387,24;7728,56
3304;PINCEL YAGO V2 (NARANJA / CELESTE) N°30 - ROSARPIN;7750,74;9378,4
3306;FILTROS CONICOS DE PAPEL DE 190MIC  - SHERWIN WILIAMS;286,9;347,15
3307;COLADOR REUTILIZABLE  - SHERWIN WILIAMS;1681,79;2034,97
3309;DISCO FIBRA 115X22 GRANO N°36 F227 - NORTON;2078,74;2515,28
3311;DISCO FIBRA 115X22 GRANO N°50 F227 - NORTON;2078,74;2515,28
3318;ALBALUX  2 EN 1 MARFIL CHAMPAGNE - 01 L - ALBA;16486,26;19948,37
3329;LIJA DISCO A396 5¨ N60 - NORTON;655,62;793,3
3330;LIJA DISCO A396 5¨ N80 - NORTON;655,62;793,3
3333;LIJA DISCO A396 5¨ N180 - NORTON;655,62;793,3
3335;VASOS DE CATALISIS AUTOMOTOR 0.45 L - SHERWIN WILLIAMS;1003,27;1213,96
3336;VASOS DE CATALISIS AUTOMOTOR 1.5 L - SHERWIN WILLIAMS;1913,09;2314,84
3346;LIJA SINTEPLAST GRANO N°1200 - SINTEPLAST;584,1;706,76
3347;LIJA SINTEPLAST GRANO N°2000 - SINTEPLAST;584,1;706,76
3348;LIJA SINTEPLAST GRANO N°3000 - SINTEPLAST;584,1;706,76
3350;SELLA CANALETAS TEKBOND INCOLORO X 300 ML;7425;8984,25
3352;HIDROESMALTE EPOXI PISOS Y PAREDES NEGRO 1L - SINTEPLAST;30561,79;36979,77
3359;PRIMER SURFACER RAPIDO GRIS 0,9 L - SHERWIN WILIAMS;18564,91;22463,54
3361;TINTA COLORES VARIOS X 0,06 L - VARIAS;1427,23;1726,95
3362;TINTA COLORES VARIOS X 0,24 L - VARIAS;3466,13;4194,02
3369;RODILLO EPOXI  22CM - ROSARPIN;6049,27;7319,62
3377;ESM. SINT. BLANCO SATINADO  -  330.115-0.9  -  FARBEN;10120,78;12246,14
3378;ESM. SINT. BLANCO SATINADO  -  330.115-3.6  -  FARBEN;36266,11;43881,99
3379;ESM. SINT. NEGRO SATINADO  -  331.950-0.9  -  FARBEN;11118,8;13453,75
3381;GALVIBEN ACRILICO DF BLANCO - 110.1080-0.9 - FARBEN;12086,71;14624,92
3399;DURALBA FRENTES Y MUROS NEGRO - 01 L - ALBA;15524,17;18784,25
3402;LIQUITECH MEMBRANA AUTOADHESIVA 15CM X 10M - MERCLIN;26718,75;32329,69
3420;LIJA DISCO A275 N1500 - NORTON;1272,59;1539,83
3456;ALBAXPERT MATE BLANCO - 10L - ALBA;83954,7;101585,19
3457;ALBAXPERT MATE BLANCO - 1L - ALBA;11993,82;14512,52
3458;ALBAXPERT MATE BLANCO - 20L - ALBA;132894,46;160802,3
3459;ALBAXPERT MATE BLANCO - 4L - ALBA;38978,64;47164,15
3461;POXIMIX SELLA GRIETAS Y FISURAS 450GR - POXIMIX;7564,01;9152,45
3463;ALBA MULTISUPERFICIE EPOXI BASE AGUA BLANCO - 0.900 L - ALBA;24937,77;30174,7
3464;ALBA MULTISUPERFICIE EPOXI BASE AGUA BLANCO - 3.6 L - ALBA;85992,58;104051,02
3468;LIJA AL AGUA N60 - EL GALGO;675,84;817,77
3469;LIJA AL AGUA N500- EL GALGO;675,84;817,77
3470;LIJA SINTEPLAST GRANO N°260 - SINTEPLAST;584,1;706,76
3471;PINCEL YAGO V1 (BLANCO) N°10 - ROSARPIN;2905,77;3515,98
3472;PINCEL YAGO V1 (BLANCO) N°15 - ROSARPIN;3926,91;4751,56
3473;PINCEL YAGO V1 (BLANCO) N°20 - ROSARPIN;4316,7;5223,21
3474;PINCEL YAGO V1 (BLANCO) N°25 - ROSARPIN;5081,45;6148,55
3475;PINCEL YAGO V1 (BLANCO) N°30 - ROSARPIN;6537,6;7910,5
3476;PINCELETA YAGO (CELESTE) N°40 - ROSARPIN;6283,2;7602,67
3480;RECUPLAST INTERIOR SATINADO 20 L  - SINTEPLAST;207288,64;250819,25
3486;LATEX INTERIOR LAVABLE PRO X 20LT - URBANO;68038,49;82326,57
3487;LATEX ACRILICO EXTERIOR FRENTES Y MUROS X 20LT - URBANO;77112;93305,52
3488;HOJA LIJA NO FIL SECO A396 N120 - NORTON;688,5;833,09
3489;HOJA LIJA NO FIL SECO A396 N150 - NORTON;688,5;833,09
3490;LATEX INTERIOR LAVABLE PRO X 10LT - URBANO;35700,01;43197,01
3491;LATEX ACRILICO EXTERIOR FRENTES Y MUROS X 10LT - URBANO;42840;51836,4
3494;THINNER 7000 - 557.000-0.9 - FARBEN;5533,42;6695,44
3496;THINNER 7000 - 557.000-018 - FARBEN;88403,03;106967,67
3498;1 L MACA P - SUPERFLEX;8104,44;9806,37
3510;TEXTURADO MARMOLATO MEDIANO GRIS NOCHE X 25KG - VENEZIA;101512,71;122830,38
3528;SELLADOR PU40 CONSTRUCCION BLANCO X 900GR. - FISCHER;17443,46;21106,59
